timestamp,method,url,host,src_ip,dst_ip
2025-11-12T04:23:02.562895,GET,http://10.10.0.1/,10.10.0.1,10.10.0.20,10.10.0.1
2025-11-12T04:23:02.563420,GET,http://10.10.0.1/,10.10.0.1,10.10.0.20,10.10.0.1
2025-11-12T04:23:03.097837,GET,http://10.10.0.1/,10.10.0.1,10.10.0.20,10.10.0.1
2025-11-12T04:23:03.099489,GET,http://10.10.0.1/,10.10.0.1,10.10.0.10,10.10.0.20
2025-11-12T04:23:03.099996,GET,http://10.10.0.1/,10.10.0.1,10.10.0.20,10.10.0.1
2025-11-12T04:23:03.292695,GET,http://10.10.0.1/,10.10.0.1,10.10.0.20,10.10.0.1
2025-11-12T04:23:03.293274,GET,http://10.10.0.1/,10.10.0.1,10.10.0.10,10.10.0.20
2025-11-12T04:23:03.293693,GET,http://10.10.0.1/,10.10.0.1,10.10.0.20,10.10.0.1
2025-11-12T04:23:03.492134,GET,http://10.10.0.1/,10.10.0.1,10.10.0.20,10.10.0.1
2025-11-12T04:23:03.492686,GET,http://10.10.0.1/,10.10.0.1,10.10.0.20,10.10.0.1
2025-11-12T04:23:03.676927,GET,http://10.10.0.1/,10.10.0.1,10.10.0.20,10.10.0.1
2025-11-12T04:23:03.677594,GET,http://10.10.0.1/,10.10.0.1,10.10.0.10,10.10.0.20
2025-11-12T04:23:03.678075,GET,http://10.10.0.1/,10.10.0.1,10.10.0.20,10.10.0.1
2025-11-12T04:23:06.214845,GET,http://10.10.0.1/,10.10.0.1,10.10.0.20,10.10.0.1
2025-11-12T04:23:06.215619,GET,http://10.10.0.1/,10.10.0.1,10.10.0.20,10.10.0.1
2025-11-12T04:23:10.863698,GET,http://10.10.0.1/,10.10.0.1,10.10.0.20,10.10.0.1
2025-11-12T04:23:10.864305,GET,http://10.10.0.1/,10.10.0.1,10.10.0.20,10.10.0.1
2025-11-12T04:23:11.785580,GET,http://10.10.0.1/,10.10.0.1,10.10.0.20,10.10.0.1
2025-11-12T04:23:11.785971,GET,http://10.10.0.1/,10.10.0.1,10.10.0.20,10.10.0.1
2025-11-12T04:23:13.335445,GET,http://10.10.0.1/,10.10.0.1,10.10.0.20,10.10.0.1
2025-11-12T04:23:13.335851,GET,http://10.10.0.1/,10.10.0.1,10.10.0.20,10.10.0.1
2025-11-12T04:23:14.491992,GET,http://10.10.0.1/,10.10.0.1,10.10.0.20,10.10.0.1
2025-11-12T04:23:14.492622,GET,http://10.10.0.1/,10.10.0.1,10.10.0.20,10.10.0.1
2025-11-12T04:23:15.075363,GET,http://10.10.0.1/,10.10.0.1,10.10.0.20,10.10.0.1
2025-11-12T04:23:15.075845,GET,http://10.10.0.1/,10.10.0.1,10.10.0.20,10.10.0.1
2025-11-12T04:23:15.899188,GET,http://10.10.0.1/,10.10.0.1,10.10.0.20,10.10.0.1
2025-11-12T04:23:15.899689,GET,http://10.10.0.1/,10.10.0.1,10.10.0.20,10.10.0.1
2025-11-12T04:23:16.606880,GET,http://10.10.0.1/,10.10.0.1,10.10.0.20,10.10.0.1
2025-11-12T04:23:16.607317,GET,http://10.10.0.1/,10.10.0.1,10.10.0.20,10.10.0.1
