timestamp,query,type,src_ip,dst_ip
2025-11-12T04:23:18.647183,incoming.telemetry.mozilla.org,1,10.10.0.20,10.10.0.1
2025-11-12T04:23:18.647535,incoming.telemetry.mozilla.org,28,10.10.0.20,10.10.0.1
2025-11-12T04:23:18.648001,incoming.telemetry.mozilla.org,1,10.10.0.10,10.10.0.20
2025-11-12T04:23:18.648335,incoming.telemetry.mozilla.org,1,10.10.0.20,10.10.0.1
2025-11-12T04:23:18.648639,incoming.telemetry.mozilla.org,28,10.10.0.20,10.10.0.1
2025-11-12T04:23:18.650681,incoming.telemetry.mozilla.org,1,10.10.0.1,10.10.0.20
2025-11-12T04:23:18.651266,incoming.telemetry.mozilla.org,28,10.10.0.1,10.10.0.20
2025-11-12T04:23:18.652008,incoming.telemetry.mozilla.org,1,10.10.0.10,10.10.0.1
2025-11-12T04:23:18.652470,incoming.telemetry.mozilla.org,1,10.10.0.1,10.10.0.20
2025-11-12T04:23:18.652890,incoming.telemetry.mozilla.org,28,10.10.0.1,10.10.0.20
2025-11-12T04:23:18.653208,incoming.telemetry.mozilla.org,1,10.10.0.20,10.10.0.1
2025-11-12T04:23:18.653509,incoming.telemetry.mozilla.org,1,10.10.0.20,10.10.0.1
2025-11-12T04:23:18.653824,incoming.telemetry.mozilla.org,28,10.10.0.20,10.10.0.1
2025-11-12T04:23:18.654135,incoming.telemetry.mozilla.org,28,10.10.0.20,10.10.0.1
2025-11-12T04:23:18.654613,incoming.telemetry.mozilla.org,1,10.10.0.1,10.10.0.20
2025-11-12T04:23:18.655264,incoming.telemetry.mozilla.org,28,10.10.0.1,10.10.0.20
2025-11-12T04:23:18.655697,incoming.telemetry.mozilla.org,1,10.10.0.1,10.10.0.20
2025-11-12T04:23:18.656240,incoming.telemetry.mozilla.org,28,10.10.0.1,10.10.0.20
2025-11-12T04:23:18.656736,incoming.telemetry.mozilla.org,1,10.10.0.20,10.10.0.1
2025-11-12T04:23:18.657052,incoming.telemetry.mozilla.org,1,10.10.0.20,10.10.0.1
2025-11-12T04:23:18.657361,incoming.telemetry.mozilla.org,1,10.10.0.1,10.10.0.20
2025-11-12T04:23:18.657662,incoming.telemetry.mozilla.org,28,10.10.0.20,10.10.0.1
2025-11-12T04:23:18.657957,incoming.telemetry.mozilla.org,1,10.10.0.1,10.10.0.20
2025-11-12T04:23:18.658258,incoming.telemetry.mozilla.org,28,10.10.0.20,10.10.0.1
2025-11-12T04:23:18.658564,incoming.telemetry.mozilla.org,28,10.10.0.1,10.10.0.20
2025-11-12T04:23:18.658862,incoming.telemetry.mozilla.org,28,10.10.0.1,10.10.0.20
2025-11-12T04:23:18.659157,incoming.telemetry.mozilla.org,1,10.10.0.20,10.10.0.1
2025-11-12T04:23:18.659463,incoming.telemetry.mozilla.org,1,10.10.0.20,10.10.0.1
2025-11-12T04:23:18.659813,incoming.telemetry.mozilla.org,28,10.10.0.20,10.10.0.1
2025-11-12T04:23:18.660115,incoming.telemetry.mozilla.org,28,10.10.0.20,10.10.0.1
2025-11-12T04:23:18.660434,incoming.telemetry.mozilla.org,1,10.10.0.1,10.10.0.20
2025-11-12T04:23:18.661542,incoming.telemetry.mozilla.org,28,10.10.0.1,10.10.0.20
2025-11-12T04:23:18.661959,incoming.telemetry.mozilla.org,1,10.10.0.1,10.10.0.20
2025-11-12T04:23:18.662278,incoming.telemetry.mozilla.org,28,10.10.0.1,10.10.0.20
2025-11-12T04:23:18.662587,incoming.telemetry.mozilla.org,1,10.10.0.20,10.10.0.1
2025-11-12T04:23:18.663313,incoming.telemetry.mozilla.org,1,10.10.0.20,10.10.0.1
2025-11-12T04:23:18.663678,incoming.telemetry.mozilla.org,28,10.10.0.20,10.10.0.1
2025-11-12T04:23:18.663984,incoming.telemetry.mozilla.org,28,10.10.0.20,10.10.0.1
2025-11-12T04:23:18.664340,incoming.telemetry.mozilla.org,1,10.10.0.1,10.10.0.20
2025-11-12T04:23:18.664754,incoming.telemetry.mozilla.org,1,10.10.0.1,10.10.0.20
2025-11-12T04:23:18.665148,incoming.telemetry.mozilla.org,28,10.10.0.1,10.10.0.20
2025-11-12T04:23:18.665464,incoming.telemetry.mozilla.org,28,10.10.0.1,10.10.0.20
2025-11-12T04:23:18.665764,incoming.telemetry.mozilla.org,1,10.10.0.20,10.10.0.1
2025-11-12T04:23:18.666054,incoming.telemetry.mozilla.org,1,10.10.0.20,10.10.0.1
2025-11-12T04:23:18.666373,incoming.telemetry.mozilla.org,28,10.10.0.20,10.10.0.1
2025-11-12T04:23:18.666674,incoming.telemetry.mozilla.org,28,10.10.0.20,10.10.0.1
2025-11-12T04:23:18.666974,incoming.telemetry.mozilla.org,1,10.10.0.1,10.10.0.20
2025-11-12T04:23:18.667397,incoming.telemetry.mozilla.org,28,10.10.0.1,10.10.0.20
2025-11-12T04:23:18.667714,incoming.telemetry.mozilla.org,1,10.10.0.1,10.10.0.20
2025-11-12T04:23:18.668100,incoming.telemetry.mozilla.org,28,10.10.0.1,10.10.0.20
2025-11-12T04:23:18.668405,incoming.telemetry.mozilla.org,1,10.10.0.20,10.10.0.1
2025-11-12T04:23:18.668706,incoming.telemetry.mozilla.org,1,10.10.0.20,10.10.0.1
2025-11-12T04:23:18.669010,incoming.telemetry.mozilla.org,28,10.10.0.20,10.10.0.1
2025-11-12T04:23:18.669326,incoming.telemetry.mozilla.org,28,10.10.0.20,10.10.0.1
2025-11-12T04:23:18.669639,incoming.telemetry.mozilla.org,1,10.10.0.1,10.10.0.20
2025-11-12T04:23:18.670027,incoming.telemetry.mozilla.org,28,10.10.0.1,10.10.0.20
2025-11-12T04:23:18.670724,incoming.telemetry.mozilla.org,1,10.10.0.1,10.10.0.20
2025-11-12T04:23:18.671570,incoming.telemetry.mozilla.org,28,10.10.0.1,10.10.0.20
2025-11-12T04:23:18.671952,incoming.telemetry.mozilla.org,1,10.10.0.20,10.10.0.1
2025-11-12T04:23:18.672494,incoming.telemetry.mozilla.org,1,10.10.0.20,10.10.0.1
2025-11-12T04:23:18.673052,incoming.telemetry.mozilla.org,28,10.10.0.20,10.10.0.1
2025-11-12T04:23:18.673472,incoming.telemetry.mozilla.org,28,10.10.0.20,10.10.0.1
2025-11-12T04:23:18.673821,incoming.telemetry.mozilla.org,28,10.10.0.1,10.10.0.20
2025-11-12T04:23:18.674157,incoming.telemetry.mozilla.org,1,10.10.0.1,10.10.0.20
2025-11-12T04:23:18.674474,incoming.telemetry.mozilla.org,28,10.10.0.1,10.10.0.20
2025-11-12T04:23:18.674778,incoming.telemetry.mozilla.org,1,10.10.0.1,10.10.0.20
2025-11-12T04:23:18.675142,incoming.telemetry.mozilla.org,1,10.10.0.20,10.10.0.1
2025-11-12T04:23:18.675502,incoming.telemetry.mozilla.org,28,10.10.0.20,10.10.0.1
2025-11-12T04:23:18.675808,incoming.telemetry.mozilla.org,1,10.10.0.20,10.10.0.1
2025-11-12T04:23:18.676186,incoming.telemetry.mozilla.org,28,10.10.0.20,10.10.0.1
2025-11-12T04:23:18.676511,incoming.telemetry.mozilla.org,1,10.10.0.1,10.10.0.20
2025-11-12T04:23:18.676825,incoming.telemetry.mozilla.org,28,10.10.0.1,10.10.0.20
2025-11-12T04:23:18.677387,incoming.telemetry.mozilla.org,1,10.10.0.1,10.10.0.20
2025-11-12T04:23:18.677840,incoming.telemetry.mozilla.org,28,10.10.0.1,10.10.0.20
2025-11-12T04:23:18.678195,incoming.telemetry.mozilla.org,1,10.10.0.20,10.10.0.1
2025-11-12T04:23:18.678917,incoming.telemetry.mozilla.org,28,10.10.0.20,10.10.0.1
2025-11-12T04:23:18.679366,incoming.telemetry.mozilla.org,1,10.10.0.20,10.10.0.1
2025-11-12T04:23:18.679978,incoming.telemetry.mozilla.org,28,10.10.0.20,10.10.0.1
2025-11-12T04:23:18.680426,incoming.telemetry.mozilla.org,28,10.10.0.1,10.10.0.20
2025-11-12T04:23:18.680814,incoming.telemetry.mozilla.org,1,10.10.0.1,10.10.0.20
2025-11-12T04:23:18.681146,incoming.telemetry.mozilla.org,28,10.10.0.1,10.10.0.20
2025-11-12T04:23:18.681484,incoming.telemetry.mozilla.org,1,10.10.0.1,10.10.0.20
2025-11-12T04:23:18.681889,incoming.telemetry.mozilla.org,1,10.10.0.20,10.10.0.1
2025-11-12T04:23:18.682204,incoming.telemetry.mozilla.org,28,10.10.0.20,10.10.0.1
2025-11-12T04:23:18.682526,incoming.telemetry.mozilla.org,1,10.10.0.20,10.10.0.1
2025-11-12T04:23:18.682835,incoming.telemetry.mozilla.org,28,10.10.0.20,10.10.0.1
2025-11-12T04:23:18.683141,incoming.telemetry.mozilla.org,1,10.10.0.1,10.10.0.20
2025-11-12T04:23:18.683673,incoming.telemetry.mozilla.org,1,10.10.0.1,10.10.0.20
2025-11-12T04:23:18.684080,incoming.telemetry.mozilla.org,28,10.10.0.1,10.10.0.20
2025-11-12T04:23:18.684888,incoming.telemetry.mozilla.org,28,10.10.0.1,10.10.0.20
2025-11-12T04:23:18.685403,incoming.telemetry.mozilla.org,1,10.10.0.20,10.10.0.1
2025-11-12T04:23:18.685859,incoming.telemetry.mozilla.org,1,10.10.0.20,10.10.0.1
2025-11-12T04:23:18.686196,incoming.telemetry.mozilla.org,28,10.10.0.20,10.10.0.1
2025-11-12T04:23:18.686519,incoming.telemetry.mozilla.org,28,10.10.0.20,10.10.0.1
2025-11-12T04:23:18.686832,incoming.telemetry.mozilla.org,1,10.10.0.1,10.10.0.20
2025-11-12T04:23:18.687142,incoming.telemetry.mozilla.org,28,10.10.0.1,10.10.0.20
2025-11-12T04:23:18.687476,incoming.telemetry.mozilla.org,1,10.10.0.1,10.10.0.20
2025-11-12T04:23:18.687783,incoming.telemetry.mozilla.org,28,10.10.0.1,10.10.0.20
2025-11-12T04:23:18.688086,incoming.telemetry.mozilla.org,1,10.10.0.20,10.10.0.1
2025-11-12T04:23:18.688386,incoming.telemetry.mozilla.org,1,10.10.0.20,10.10.0.1
2025-11-12T04:23:18.688696,incoming.telemetry.mozilla.org,28,10.10.0.20,10.10.0.1
2025-11-12T04:23:18.689002,incoming.telemetry.mozilla.org,28,10.10.0.20,10.10.0.1
2025-11-12T04:23:18.689319,incoming.telemetry.mozilla.org,28,10.10.0.1,10.10.0.20
2025-11-12T04:23:18.689625,incoming.telemetry.mozilla.org,1,10.10.0.1,10.10.0.20
2025-11-12T04:23:18.690683,incoming.telemetry.mozilla.org,28,10.10.0.1,10.10.0.20
2025-11-12T04:23:18.691024,incoming.telemetry.mozilla.org,1,10.10.0.1,10.10.0.20
2025-11-12T04:23:18.691338,incoming.telemetry.mozilla.org,1,10.10.0.20,10.10.0.1
2025-11-12T04:23:18.691651,incoming.telemetry.mozilla.org,28,10.10.0.20,10.10.0.1
2025-11-12T04:23:18.691975,incoming.telemetry.mozilla.org,1,10.10.0.20,10.10.0.1
2025-11-12T04:23:18.692281,incoming.telemetry.mozilla.org,28,10.10.0.20,10.10.0.1
2025-11-12T04:23:18.692589,incoming.telemetry.mozilla.org,1,10.10.0.1,10.10.0.20
2025-11-12T04:23:18.692895,incoming.telemetry.mozilla.org,28,10.10.0.1,10.10.0.20
2025-11-12T04:23:18.693200,incoming.telemetry.mozilla.org,1,10.10.0.1,10.10.0.20
2025-11-12T04:23:18.693510,incoming.telemetry.mozilla.org,28,10.10.0.1,10.10.0.20
2025-11-12T04:23:18.693801,incoming.telemetry.mozilla.org,1,10.10.0.20,10.10.0.1
2025-11-12T04:23:18.694096,incoming.telemetry.mozilla.org,28,10.10.0.20,10.10.0.1
2025-11-12T04:23:18.694393,incoming.telemetry.mozilla.org,1,10.10.0.20,10.10.0.1
2025-11-12T04:23:18.694692,incoming.telemetry.mozilla.org,28,10.10.0.20,10.10.0.1
2025-11-12T04:23:18.694994,incoming.telemetry.mozilla.org,1,10.10.0.1,10.10.0.20
2025-11-12T04:23:18.695298,incoming.telemetry.mozilla.org,1,10.10.0.1,10.10.0.20
2025-11-12T04:23:18.695602,incoming.telemetry.mozilla.org,28,10.10.0.1,10.10.0.20
2025-11-12T04:23:18.695902,incoming.telemetry.mozilla.org,28,10.10.0.1,10.10.0.20
2025-11-12T04:23:18.696199,incoming.telemetry.mozilla.org,1,10.10.0.20,10.10.0.1
2025-11-12T04:23:18.696494,incoming.telemetry.mozilla.org,1,10.10.0.20,10.10.0.1
2025-11-12T04:23:18.696806,incoming.telemetry.mozilla.org,28,10.10.0.20,10.10.0.1
2025-11-12T04:23:18.697131,incoming.telemetry.mozilla.org,28,10.10.0.20,10.10.0.1
2025-11-12T04:23:18.697507,incoming.telemetry.mozilla.org,1,10.10.0.1,10.10.0.20
2025-11-12T04:23:18.697810,incoming.telemetry.mozilla.org,28,10.10.0.1,10.10.0.20
2025-11-12T04:23:18.698118,incoming.telemetry.mozilla.org,1,10.10.0.1,10.10.0.20
2025-11-12T04:23:18.698429,incoming.telemetry.mozilla.org,28,10.10.0.1,10.10.0.20
2025-11-12T04:23:18.713973,incoming.telemetry.mozilla.org,1,10.10.0.20,10.10.0.1
2025-11-12T04:23:18.714303,incoming.telemetry.mozilla.org,28,10.10.0.20,10.10.0.1
2025-11-12T04:23:18.714606,incoming.telemetry.mozilla.org,1,10.10.0.20,10.10.0.1
2025-11-12T04:23:18.714934,incoming.telemetry.mozilla.org,28,10.10.0.20,10.10.0.1
2025-11-12T04:23:18.715604,incoming.telemetry.mozilla.org,28,10.10.0.1,10.10.0.20
2025-11-12T04:23:18.715980,incoming.telemetry.mozilla.org,28,10.10.0.1,10.10.0.20
2025-11-12T04:23:18.716295,incoming.telemetry.mozilla.org,1,10.10.0.1,10.10.0.20
2025-11-12T04:23:18.716603,incoming.telemetry.mozilla.org,1,10.10.0.1,10.10.0.20
2025-11-12T04:23:18.716905,incoming.telemetry.mozilla.org,1,10.10.0.20,10.10.0.1
2025-11-12T04:23:18.717203,incoming.telemetry.mozilla.org,1,10.10.0.20,10.10.0.1
2025-11-12T04:23:18.717503,incoming.telemetry.mozilla.org,28,10.10.0.20,10.10.0.1
2025-11-12T04:23:18.717798,incoming.telemetry.mozilla.org,28,10.10.0.20,10.10.0.1
2025-11-12T04:23:18.718101,incoming.telemetry.mozilla.org,28,10.10.0.1,10.10.0.20
2025-11-12T04:23:18.718507,incoming.telemetry.mozilla.org,28,10.10.0.1,10.10.0.20
2025-11-12T04:23:18.718897,incoming.telemetry.mozilla.org,1,10.10.0.1,10.10.0.20
2025-11-12T04:23:18.719403,incoming.telemetry.mozilla.org,1,10.10.0.1,10.10.0.20
2025-11-12T04:23:18.719753,incoming.telemetry.mozilla.org,1,10.10.0.20,10.10.0.1
2025-11-12T04:23:18.720126,incoming.telemetry.mozilla.org,28,10.10.0.20,10.10.0.1
2025-11-12T04:23:18.720587,incoming.telemetry.mozilla.org,1,10.10.0.20,10.10.0.1
2025-11-12T04:23:18.720910,incoming.telemetry.mozilla.org,28,10.10.0.20,10.10.0.1
2025-11-12T04:23:18.721225,incoming.telemetry.mozilla.org,1,10.10.0.1,10.10.0.20
2025-11-12T04:23:18.721544,incoming.telemetry.mozilla.org,28,10.10.0.1,10.10.0.20
2025-11-12T04:23:18.721864,incoming.telemetry.mozilla.org,1,10.10.0.1,10.10.0.20
2025-11-12T04:23:18.722166,incoming.telemetry.mozilla.org,28,10.10.0.1,10.10.0.20
2025-11-12T04:23:18.722465,incoming.telemetry.mozilla.org,1,10.10.0.20,10.10.0.1
2025-11-12T04:23:18.722758,incoming.telemetry.mozilla.org,1,10.10.0.20,10.10.0.1
2025-11-12T04:23:18.723153,incoming.telemetry.mozilla.org,28,10.10.0.20,10.10.0.1
2025-11-12T04:23:18.723588,incoming.telemetry.mozilla.org,28,10.10.0.20,10.10.0.1
2025-11-12T04:23:18.723909,incoming.telemetry.mozilla.org,28,10.10.0.1,10.10.0.20
2025-11-12T04:23:18.724381,incoming.telemetry.mozilla.org,1,10.10.0.1,10.10.0.20
2025-11-12T04:23:18.724796,incoming.telemetry.mozilla.org,28,10.10.0.1,10.10.0.20
2025-11-12T04:23:18.725183,incoming.telemetry.mozilla.org,1,10.10.0.1,10.10.0.20
2025-11-12T04:23:18.725484,incoming.telemetry.mozilla.org,1,10.10.0.20,10.10.0.1
2025-11-12T04:23:18.725791,incoming.telemetry.mozilla.org,28,10.10.0.20,10.10.0.1
2025-11-12T04:23:18.726098,incoming.telemetry.mozilla.org,1,10.10.0.20,10.10.0.1
2025-11-12T04:23:18.726396,incoming.telemetry.mozilla.org,28,10.10.0.20,10.10.0.1
2025-11-12T04:23:18.726694,incoming.telemetry.mozilla.org,1,10.10.0.1,10.10.0.20
2025-11-12T04:23:18.727180,incoming.telemetry.mozilla.org,28,10.10.0.1,10.10.0.20
2025-11-12T04:23:18.727534,incoming.telemetry.mozilla.org,1,10.10.0.1,10.10.0.20
2025-11-12T04:23:18.727852,incoming.telemetry.mozilla.org,28,10.10.0.1,10.10.0.20
2025-11-12T04:23:18.728234,incoming.telemetry.mozilla.org,1,10.10.0.20,10.10.0.1
2025-11-12T04:23:18.728537,incoming.telemetry.mozilla.org,28,10.10.0.20,10.10.0.1
2025-11-12T04:23:18.728842,incoming.telemetry.mozilla.org,1,10.10.0.20,10.10.0.1
2025-11-12T04:23:18.729146,incoming.telemetry.mozilla.org,28,10.10.0.20,10.10.0.1
2025-11-12T04:23:18.729570,incoming.telemetry.mozilla.org,28,10.10.0.1,10.10.0.20
2025-11-12T04:23:18.729876,incoming.telemetry.mozilla.org,1,10.10.0.1,10.10.0.20
2025-11-12T04:23:18.730182,incoming.telemetry.mozilla.org,28,10.10.0.1,10.10.0.20
2025-11-12T04:23:18.730479,incoming.telemetry.mozilla.org,1,10.10.0.1,10.10.0.20
2025-11-12T04:23:18.730769,incoming.telemetry.mozilla.org,1,10.10.0.20,10.10.0.1
2025-11-12T04:23:18.731068,incoming.telemetry.mozilla.org,28,10.10.0.20,10.10.0.1
2025-11-12T04:23:18.731356,incoming.telemetry.mozilla.org,1,10.10.0.20,10.10.0.1
2025-11-12T04:23:18.731686,incoming.telemetry.mozilla.org,28,10.10.0.20,10.10.0.1
2025-11-12T04:23:18.731991,incoming.telemetry.mozilla.org,1,10.10.0.1,10.10.0.20
2025-11-12T04:23:18.732291,incoming.telemetry.mozilla.org,28,10.10.0.1,10.10.0.20
2025-11-12T04:23:18.732590,incoming.telemetry.mozilla.org,1,10.10.0.1,10.10.0.20
2025-11-12T04:23:18.732895,incoming.telemetry.mozilla.org,28,10.10.0.1,10.10.0.20
2025-11-12T04:23:18.733189,incoming.telemetry.mozilla.org,1,10.10.0.20,10.10.0.1
2025-11-12T04:23:18.733484,incoming.telemetry.mozilla.org,1,10.10.0.20,10.10.0.1
2025-11-12T04:23:18.733779,incoming.telemetry.mozilla.org,28,10.10.0.20,10.10.0.1
2025-11-12T04:23:18.734073,incoming.telemetry.mozilla.org,28,10.10.0.20,10.10.0.1
2025-11-12T04:23:18.734374,incoming.telemetry.mozilla.org,1,10.10.0.1,10.10.0.20
2025-11-12T04:23:18.734677,incoming.telemetry.mozilla.org,28,10.10.0.1,10.10.0.20
2025-11-12T04:23:18.735022,incoming.telemetry.mozilla.org,1,10.10.0.1,10.10.0.20
2025-11-12T04:23:18.735324,incoming.telemetry.mozilla.org,28,10.10.0.1,10.10.0.20
2025-11-12T04:23:19.864030,ntp.ubuntu.com,1,10.10.0.20,10.10.0.1
2025-11-12T04:23:19.864363,ntp.ubuntu.com,1,10.10.0.20,10.10.0.1
2025-11-12T04:23:19.864667,ntp.ubuntu.com,28,10.10.0.20,10.10.0.1
2025-11-12T04:23:19.864969,ntp.ubuntu.com,28,10.10.0.20,10.10.0.1
2025-11-12T04:23:19.867208,ntp.ubuntu.com,28,10.10.0.1,10.10.0.20
2025-11-12T04:23:19.867615,ntp.ubuntu.com,1,10.10.0.1,10.10.0.20
2025-11-12T04:23:19.868689,ntp.ubuntu.com,28,10.10.0.1,10.10.0.20
2025-11-12T04:23:19.869225,ntp.ubuntu.com,1,10.10.0.1,10.10.0.20
2025-11-12T04:23:19.869920,ntp.ubuntu.com,1,10.10.0.20,10.10.0.1
2025-11-12T04:23:19.870492,ntp.ubuntu.com,28,10.10.0.20,10.10.0.1
2025-11-12T04:23:19.870933,ntp.ubuntu.com,1,10.10.0.20,10.10.0.1
2025-11-12T04:23:19.871434,ntp.ubuntu.com,28,10.10.0.20,10.10.0.1
2025-11-12T04:23:19.871813,ntp.ubuntu.com,1,10.10.0.1,10.10.0.20
2025-11-12T04:23:19.872381,ntp.ubuntu.com,28,10.10.0.1,10.10.0.20
2025-11-12T04:23:19.872753,ntp.ubuntu.com,1,10.10.0.1,10.10.0.20
2025-11-12T04:23:19.873448,ntp.ubuntu.com,28,10.10.0.1,10.10.0.20
2025-11-12T04:23:19.873853,ntp.ubuntu.com,1,10.10.0.20,10.10.0.1
2025-11-12T04:23:19.874354,ntp.ubuntu.com,1,10.10.0.20,10.10.0.1
2025-11-12T04:23:19.874661,ntp.ubuntu.com,28,10.10.0.20,10.10.0.1
2025-11-12T04:23:19.875197,ntp.ubuntu.com,28,10.10.0.20,10.10.0.1
2025-11-12T04:23:19.875797,ntp.ubuntu.com,1,10.10.0.1,10.10.0.20
2025-11-12T04:23:19.876244,ntp.ubuntu.com,1,10.10.0.1,10.10.0.20
2025-11-12T04:23:19.876654,ntp.ubuntu.com,28,10.10.0.1,10.10.0.20
2025-11-12T04:23:19.877367,ntp.ubuntu.com,28,10.10.0.1,10.10.0.20
2025-11-12T04:23:19.877958,ntp.ubuntu.com,1,10.10.0.20,10.10.0.1
2025-11-12T04:23:19.878528,ntp.ubuntu.com,1,10.10.0.20,10.10.0.1
2025-11-12T04:23:19.879140,ntp.ubuntu.com,28,10.10.0.20,10.10.0.1
2025-11-12T04:23:19.879692,ntp.ubuntu.com,1,10.10.0.1,10.10.0.20
2025-11-12T04:23:19.880031,ntp.ubuntu.com,28,10.10.0.20,10.10.0.1
2025-11-12T04:23:19.880739,ntp.ubuntu.com,1,10.10.0.1,10.10.0.20
2025-11-12T04:23:19.881146,ntp.ubuntu.com,28,10.10.0.1,10.10.0.20
2025-11-12T04:23:19.881715,ntp.ubuntu.com,28,10.10.0.1,10.10.0.20
2025-11-12T04:23:19.882318,ntp.ubuntu.com,1,10.10.0.20,10.10.0.1
2025-11-12T04:23:19.882811,ntp.ubuntu.com,1,10.10.0.20,10.10.0.1
2025-11-12T04:23:19.883181,ntp.ubuntu.com,28,10.10.0.20,10.10.0.1
2025-11-12T04:23:19.883830,ntp.ubuntu.com,28,10.10.0.20,10.10.0.1
2025-11-12T04:23:19.884487,ntp.ubuntu.com,1,10.10.0.1,10.10.0.20
2025-11-12T04:23:19.885263,ntp.ubuntu.com,28,10.10.0.1,10.10.0.20
2025-11-12T04:23:19.885725,ntp.ubuntu.com,1,10.10.0.1,10.10.0.20
2025-11-12T04:23:19.886321,ntp.ubuntu.com,28,10.10.0.1,10.10.0.20
2025-11-12T04:23:19.886895,ntp.ubuntu.com,1,10.10.0.20,10.10.0.1
2025-11-12T04:23:19.887262,ntp.ubuntu.com,28,10.10.0.20,10.10.0.1
2025-11-12T04:23:19.888006,ntp.ubuntu.com,1,10.10.0.20,10.10.0.1
2025-11-12T04:23:19.888356,ntp.ubuntu.com,28,10.10.0.20,10.10.0.1
2025-11-12T04:23:19.888740,ntp.ubuntu.com,1,10.10.0.1,10.10.0.20
2025-11-12T04:23:19.889067,ntp.ubuntu.com,1,10.10.0.1,10.10.0.20
2025-11-12T04:23:19.889553,ntp.ubuntu.com,28,10.10.0.1,10.10.0.20
2025-11-12T04:23:19.890061,ntp.ubuntu.com,28,10.10.0.1,10.10.0.20
2025-11-12T04:23:19.890446,ntp.ubuntu.com,1,10.10.0.20,10.10.0.1
2025-11-12T04:23:19.890791,ntp.ubuntu.com,1,10.10.0.20,10.10.0.1
2025-11-12T04:23:19.891153,ntp.ubuntu.com,28,10.10.0.20,10.10.0.1
2025-11-12T04:23:19.891483,ntp.ubuntu.com,28,10.10.0.20,10.10.0.1
2025-11-12T04:23:19.892017,ntp.ubuntu.com,1,10.10.0.1,10.10.0.20
2025-11-12T04:23:19.892483,ntp.ubuntu.com,1,10.10.0.1,10.10.0.20
2025-11-12T04:23:19.892804,ntp.ubuntu.com,28,10.10.0.1,10.10.0.20
2025-11-12T04:23:19.893296,ntp.ubuntu.com,28,10.10.0.1,10.10.0.20
2025-11-12T04:23:19.893713,ntp.ubuntu.com,1,10.10.0.20,10.10.0.1
2025-11-12T04:23:19.894200,ntp.ubuntu.com,1,10.10.0.20,10.10.0.1
2025-11-12T04:23:19.894710,ntp.ubuntu.com,28,10.10.0.20,10.10.0.1
2025-11-12T04:23:19.895041,ntp.ubuntu.com,28,10.10.0.20,10.10.0.1
2025-11-12T04:23:19.895352,ntp.ubuntu.com,1,10.10.0.1,10.10.0.20
2025-11-12T04:23:19.895702,ntp.ubuntu.com,1,10.10.0.1,10.10.0.20
2025-11-12T04:23:19.896238,ntp.ubuntu.com,28,10.10.0.1,10.10.0.20
2025-11-12T04:23:19.896580,ntp.ubuntu.com,28,10.10.0.1,10.10.0.20
2025-11-12T04:23:19.897342,ntp.ubuntu.com,1,10.10.0.20,10.10.0.1
2025-11-12T04:23:19.897871,ntp.ubuntu.com,1,10.10.0.20,10.10.0.1
2025-11-12T04:23:19.898438,ntp.ubuntu.com,28,10.10.0.20,10.10.0.1
2025-11-12T04:23:19.898771,ntp.ubuntu.com,1,10.10.0.1,10.10.0.20
2025-11-12T04:23:19.899332,ntp.ubuntu.com,28,10.10.0.20,10.10.0.1
2025-11-12T04:23:19.900143,ntp.ubuntu.com,1,10.10.0.1,10.10.0.20
2025-11-12T04:23:19.900745,ntp.ubuntu.com,28,10.10.0.1,10.10.0.20
2025-11-12T04:23:19.901242,ntp.ubuntu.com,28,10.10.0.1,10.10.0.20
2025-11-12T04:23:19.901687,ntp.ubuntu.com,1,10.10.0.20,10.10.0.1
2025-11-12T04:23:19.902025,ntp.ubuntu.com,1,10.10.0.20,10.10.0.1
2025-11-12T04:23:19.902343,ntp.ubuntu.com,1,10.10.0.1,10.10.0.20
2025-11-12T04:23:19.902665,ntp.ubuntu.com,1,10.10.0.1,10.10.0.20
2025-11-12T04:23:19.902976,ntp.ubuntu.com,28,10.10.0.20,10.10.0.1
2025-11-12T04:23:19.903280,ntp.ubuntu.com,28,10.10.0.20,10.10.0.1
2025-11-12T04:23:19.903697,ntp.ubuntu.com,28,10.10.0.1,10.10.0.20
2025-11-12T04:23:19.904045,ntp.ubuntu.com,28,10.10.0.1,10.10.0.20
2025-11-12T04:23:19.904356,ntp.ubuntu.com,1,10.10.0.20,10.10.0.1
2025-11-12T04:23:19.904659,ntp.ubuntu.com,1,10.10.0.20,10.10.0.1
2025-11-12T04:23:19.904959,ntp.ubuntu.com,28,10.10.0.20,10.10.0.1
2025-11-12T04:23:19.905254,ntp.ubuntu.com,28,10.10.0.20,10.10.0.1
2025-11-12T04:23:19.905549,ntp.ubuntu.com,1,10.10.0.1,10.10.0.20
2025-11-12T04:23:19.905851,ntp.ubuntu.com,28,10.10.0.1,10.10.0.20
2025-11-12T04:23:19.906209,ntp.ubuntu.com,1,10.10.0.1,10.10.0.20
2025-11-12T04:23:19.906517,ntp.ubuntu.com,28,10.10.0.1,10.10.0.20
2025-11-12T04:23:19.906811,ntp.ubuntu.com,1,10.10.0.20,10.10.0.1
2025-11-12T04:23:19.907118,ntp.ubuntu.com,1,10.10.0.20,10.10.0.1
2025-11-12T04:23:19.907415,ntp.ubuntu.com,28,10.10.0.20,10.10.0.1
2025-11-12T04:23:19.907775,ntp.ubuntu.com,28,10.10.0.20,10.10.0.1
2025-11-12T04:23:19.908086,ntp.ubuntu.com,1,10.10.0.1,10.10.0.20
2025-11-12T04:23:19.908387,ntp.ubuntu.com,1,10.10.0.1,10.10.0.20
2025-11-12T04:23:19.908681,ntp.ubuntu.com,28,10.10.0.1,10.10.0.20
2025-11-12T04:23:19.908999,ntp.ubuntu.com,28,10.10.0.1,10.10.0.20
2025-11-12T04:23:19.909298,ntp.ubuntu.com,1,10.10.0.20,10.10.0.1
2025-11-12T04:23:19.909601,ntp.ubuntu.com,1,10.10.0.20,10.10.0.1
2025-11-12T04:23:19.909897,ntp.ubuntu.com,28,10.10.0.20,10.10.0.1
2025-11-12T04:23:19.910186,ntp.ubuntu.com,28,10.10.0.20,10.10.0.1
2025-11-12T04:23:19.910484,ntp.ubuntu.com,1,10.10.0.1,10.10.0.20
2025-11-12T04:23:19.910778,ntp.ubuntu.com,28,10.10.0.1,10.10.0.20
2025-11-12T04:23:19.911079,ntp.ubuntu.com,1,10.10.0.1,10.10.0.20
2025-11-12T04:23:19.911391,ntp.ubuntu.com,28,10.10.0.1,10.10.0.20
2025-11-12T04:23:19.911781,ntp.ubuntu.com,1,10.10.0.20,10.10.0.1
2025-11-12T04:23:19.912089,ntp.ubuntu.com,28,10.10.0.20,10.10.0.1
2025-11-12T04:23:19.912393,ntp.ubuntu.com,1,10.10.0.20,10.10.0.1
2025-11-12T04:23:19.912691,ntp.ubuntu.com,28,10.10.0.20,10.10.0.1
2025-11-12T04:23:19.913054,ntp.ubuntu.com,1,10.10.0.1,10.10.0.20
2025-11-12T04:23:19.913355,ntp.ubuntu.com,28,10.10.0.1,10.10.0.20
2025-11-12T04:23:19.913671,ntp.ubuntu.com,1,10.10.0.1,10.10.0.20
2025-11-12T04:23:19.913970,ntp.ubuntu.com,28,10.10.0.1,10.10.0.20
2025-11-12T04:23:19.915563,ntp.ubuntu.com,1,10.10.0.20,10.10.0.1
2025-11-12T04:23:19.916032,ntp.ubuntu.com,1,10.10.0.20,10.10.0.1
2025-11-12T04:23:19.916335,ntp.ubuntu.com,28,10.10.0.20,10.10.0.1
2025-11-12T04:23:19.916639,ntp.ubuntu.com,28,10.10.0.20,10.10.0.1
2025-11-12T04:23:19.916940,ntp.ubuntu.com,1,10.10.0.1,10.10.0.20
2025-11-12T04:23:19.917241,ntp.ubuntu.com,1,10.10.0.1,10.10.0.20
2025-11-12T04:23:19.917540,ntp.ubuntu.com,28,10.10.0.1,10.10.0.20
2025-11-12T04:23:19.917844,ntp.ubuntu.com,28,10.10.0.1,10.10.0.20
2025-11-12T04:23:19.918147,ntp.ubuntu.com,1,10.10.0.20,10.10.0.1
2025-11-12T04:23:19.918459,ntp.ubuntu.com,1,10.10.0.20,10.10.0.1
2025-11-12T04:23:19.918759,ntp.ubuntu.com,28,10.10.0.20,10.10.0.1
2025-11-12T04:23:19.919056,ntp.ubuntu.com,28,10.10.0.20,10.10.0.1
2025-11-12T04:23:19.919362,ntp.ubuntu.com,1,10.10.0.1,10.10.0.20
2025-11-12T04:23:19.919954,ntp.ubuntu.com,1,10.10.0.1,10.10.0.20
2025-11-12T04:23:19.920282,ntp.ubuntu.com,28,10.10.0.1,10.10.0.20
2025-11-12T04:23:19.920586,ntp.ubuntu.com,28,10.10.0.1,10.10.0.20
2025-11-12T04:23:19.920879,ntp.ubuntu.com,1,10.10.0.20,10.10.0.1
2025-11-12T04:23:19.921172,ntp.ubuntu.com,1,10.10.0.20,10.10.0.1
2025-11-12T04:23:19.921548,ntp.ubuntu.com,28,10.10.0.20,10.10.0.1
2025-11-12T04:23:19.921858,ntp.ubuntu.com,28,10.10.0.20,10.10.0.1
2025-11-12T04:23:19.922162,ntp.ubuntu.com,1,10.10.0.1,10.10.0.20
2025-11-12T04:23:19.922459,ntp.ubuntu.com,1,10.10.0.1,10.10.0.20
2025-11-12T04:23:19.922752,ntp.ubuntu.com,28,10.10.0.1,10.10.0.20
2025-11-12T04:23:19.923057,ntp.ubuntu.com,28,10.10.0.1,10.10.0.20
2025-11-12T04:23:19.923348,ntp.ubuntu.com,1,10.10.0.20,10.10.0.1
2025-11-12T04:23:19.923633,ntp.ubuntu.com,1,10.10.0.20,10.10.0.1
2025-11-12T04:23:19.923929,ntp.ubuntu.com,28,10.10.0.20,10.10.0.1
2025-11-12T04:23:19.924215,ntp.ubuntu.com,28,10.10.0.20,10.10.0.1
2025-11-12T04:23:19.924509,ntp.ubuntu.com,1,10.10.0.1,10.10.0.20
2025-11-12T04:23:19.924806,ntp.ubuntu.com,1,10.10.0.1,10.10.0.20
2025-11-12T04:23:19.925101,ntp.ubuntu.com,28,10.10.0.1,10.10.0.20
2025-11-12T04:23:19.925396,ntp.ubuntu.com,28,10.10.0.1,10.10.0.20
2025-11-12T04:23:19.925689,ntp.ubuntu.com,1,10.10.0.20,10.10.0.1
2025-11-12T04:23:19.925977,ntp.ubuntu.com,28,10.10.0.20,10.10.0.1
2025-11-12T04:23:19.926275,ntp.ubuntu.com,1,10.10.0.20,10.10.0.1
2025-11-12T04:23:19.926572,ntp.ubuntu.com,28,10.10.0.20,10.10.0.1
2025-11-12T04:23:19.926878,ntp.ubuntu.com,28,10.10.0.1,10.10.0.20
2025-11-12T04:23:19.927188,ntp.ubuntu.com,1,10.10.0.1,10.10.0.20
2025-11-12T04:23:19.927491,ntp.ubuntu.com,28,10.10.0.1,10.10.0.20
2025-11-12T04:23:19.927795,ntp.ubuntu.com,1,10.10.0.1,10.10.0.20
2025-11-12T04:23:19.928172,ntp.ubuntu.com,1,10.10.0.20,10.10.0.1
2025-11-12T04:23:19.928475,ntp.ubuntu.com,1,10.10.0.20,10.10.0.1
2025-11-12T04:23:19.928767,ntp.ubuntu.com,28,10.10.0.20,10.10.0.1
2025-11-12T04:23:19.929062,ntp.ubuntu.com,28,10.10.0.20,10.10.0.1
2025-11-12T04:23:19.929354,ntp.ubuntu.com,1,10.10.0.1,10.10.0.20
2025-11-12T04:23:19.929650,ntp.ubuntu.com,1,10.10.0.1,10.10.0.20
2025-11-12T04:23:19.929946,ntp.ubuntu.com,28,10.10.0.1,10.10.0.20
2025-11-12T04:23:19.930249,ntp.ubuntu.com,28,10.10.0.1,10.10.0.20
2025-11-12T04:23:19.930535,ntp.ubuntu.com,1,10.10.0.20,10.10.0.1
2025-11-12T04:23:19.930829,ntp.ubuntu.com,1,10.10.0.20,10.10.0.1
2025-11-12T04:23:19.931119,ntp.ubuntu.com,28,10.10.0.20,10.10.0.1
2025-11-12T04:23:19.931406,ntp.ubuntu.com,28,10.10.0.20,10.10.0.1
2025-11-12T04:23:19.931703,ntp.ubuntu.com,1,10.10.0.1,10.10.0.20
2025-11-12T04:23:19.931997,ntp.ubuntu.com,1,10.10.0.1,10.10.0.20
2025-11-12T04:23:19.932301,ntp.ubuntu.com,28,10.10.0.1,10.10.0.20
2025-11-12T04:23:19.932597,ntp.ubuntu.com,28,10.10.0.1,10.10.0.20
2025-11-12T04:23:19.932896,ntp.ubuntu.com,1,10.10.0.20,10.10.0.1
2025-11-12T04:23:19.933194,ntp.ubuntu.com,1,10.10.0.20,10.10.0.1
2025-11-12T04:23:19.933490,ntp.ubuntu.com,28,10.10.0.20,10.10.0.1
2025-11-12T04:23:19.933786,ntp.ubuntu.com,28,10.10.0.20,10.10.0.1
2025-11-12T04:23:19.934085,ntp.ubuntu.com,1,10.10.0.1,10.10.0.20
2025-11-12T04:23:19.934378,ntp.ubuntu.com,1,10.10.0.1,10.10.0.20
2025-11-12T04:23:19.935280,ntp.ubuntu.com,28,10.10.0.1,10.10.0.20
2025-11-12T04:23:19.935805,ntp.ubuntu.com,28,10.10.0.1,10.10.0.20
2025-11-12T04:23:19.936122,ntp.ubuntu.com,1,10.10.0.20,10.10.0.1
2025-11-12T04:23:19.936417,ntp.ubuntu.com,1,10.10.0.20,10.10.0.1
2025-11-12T04:23:19.936729,ntp.ubuntu.com,28,10.10.0.20,10.10.0.1
2025-11-12T04:23:19.937024,ntp.ubuntu.com,28,10.10.0.20,10.10.0.1
2025-11-12T04:23:19.937327,ntp.ubuntu.com,1,10.10.0.1,10.10.0.20
2025-11-12T04:23:19.937624,ntp.ubuntu.com,28,10.10.0.1,10.10.0.20
2025-11-12T04:23:19.937916,ntp.ubuntu.com,1,10.10.0.1,10.10.0.20
2025-11-12T04:23:19.938214,ntp.ubuntu.com,28,10.10.0.1,10.10.0.20
2025-11-12T04:23:19.938505,ntp.ubuntu.com,1,10.10.0.20,10.10.0.1
2025-11-12T04:23:19.938795,ntp.ubuntu.com,1,10.10.0.20,10.10.0.1
2025-11-12T04:23:19.939084,ntp.ubuntu.com,28,10.10.0.20,10.10.0.1
2025-11-12T04:23:19.939385,ntp.ubuntu.com,28,10.10.0.20,10.10.0.1
2025-11-12T04:23:19.939675,ntp.ubuntu.com,1,10.10.0.1,10.10.0.20
2025-11-12T04:23:19.939973,ntp.ubuntu.com,28,10.10.0.1,10.10.0.20
2025-11-12T04:23:19.940269,ntp.ubuntu.com,1,10.10.0.1,10.10.0.20
2025-11-12T04:23:19.940564,ntp.ubuntu.com,28,10.10.0.1,10.10.0.20
2025-11-12T04:23:19.940853,ntp.ubuntu.com,1,10.10.0.20,10.10.0.1
2025-11-12T04:23:19.941144,ntp.ubuntu.com,1,10.10.0.20,10.10.0.1
2025-11-12T04:23:19.941435,ntp.ubuntu.com,28,10.10.0.20,10.10.0.1
2025-11-12T04:23:19.941727,ntp.ubuntu.com,28,10.10.0.20,10.10.0.1
2025-11-12T04:23:19.942073,ntp.ubuntu.com,1,10.10.0.1,10.10.0.20
2025-11-12T04:23:19.942365,ntp.ubuntu.com,1,10.10.0.1,10.10.0.20
2025-11-12T04:23:19.942659,ntp.ubuntu.com,28,10.10.0.1,10.10.0.20
2025-11-12T04:23:19.942955,ntp.ubuntu.com,28,10.10.0.1,10.10.0.20
2025-11-12T04:23:19.943245,ntp.ubuntu.com,1,10.10.0.20,10.10.0.1
2025-11-12T04:23:19.943535,ntp.ubuntu.com,1,10.10.0.20,10.10.0.1
2025-11-12T04:23:19.943824,ntp.ubuntu.com,28,10.10.0.20,10.10.0.1
2025-11-12T04:23:19.944116,ntp.ubuntu.com,28,10.10.0.20,10.10.0.1
2025-11-12T04:23:19.944411,ntp.ubuntu.com,1,10.10.0.1,10.10.0.20
2025-11-12T04:23:19.944702,ntp.ubuntu.com,28,10.10.0.1,10.10.0.20
2025-11-12T04:23:19.944996,ntp.ubuntu.com,1,10.10.0.1,10.10.0.20
2025-11-12T04:23:19.945306,ntp.ubuntu.com,28,10.10.0.1,10.10.0.20
2025-11-12T04:23:19.945619,ntp.ubuntu.com,1,10.10.0.20,10.10.0.1
2025-11-12T04:23:19.945936,ntp.ubuntu.com,1,10.10.0.20,10.10.0.1
2025-11-12T04:23:19.946238,ntp.ubuntu.com,28,10.10.0.20,10.10.0.1
2025-11-12T04:23:19.946533,ntp.ubuntu.com,28,10.10.0.20,10.10.0.1
2025-11-12T04:23:19.946850,ntp.ubuntu.com,1,10.10.0.1,10.10.0.20
2025-11-12T04:23:19.947156,ntp.ubuntu.com,28,10.10.0.1,10.10.0.20
2025-11-12T04:23:19.947458,ntp.ubuntu.com,1,10.10.0.1,10.10.0.20
2025-11-12T04:23:19.947760,ntp.ubuntu.com,28,10.10.0.1,10.10.0.20
2025-11-12T04:23:19.948058,ntp.ubuntu.com,1,10.10.0.20,10.10.0.1
2025-11-12T04:23:19.948358,ntp.ubuntu.com,1,10.10.0.20,10.10.0.1
2025-11-12T04:23:19.948728,ntp.ubuntu.com,28,10.10.0.20,10.10.0.1
2025-11-12T04:23:19.949028,ntp.ubuntu.com,1,10.10.0.20,10.10.0.1
2025-11-12T04:23:19.949318,ntp.ubuntu.com,28,10.10.0.20,10.10.0.1
2025-11-12T04:23:19.949612,ntp.ubuntu.com,1,10.10.0.20,10.10.0.1
2025-11-12T04:23:19.949901,ntp.ubuntu.com,28,10.10.0.20,10.10.0.1
2025-11-12T04:23:19.950194,ntp.ubuntu.com,1,10.10.0.1,10.10.0.20
2025-11-12T04:23:19.950492,ntp.ubuntu.com,28,10.10.0.1,10.10.0.20
2025-11-12T04:23:19.950782,ntp.ubuntu.com,1,10.10.0.20,10.10.0.1
2025-11-12T04:23:19.951074,ntp.ubuntu.com,28,10.10.0.1,10.10.0.20
2025-11-12T04:23:19.952027,ntp.ubuntu.com,1,10.10.0.20,10.10.0.1
2025-11-12T04:23:19.952499,ntp.ubuntu.com,1,10.10.0.20,10.10.0.1
2025-11-12T04:23:19.952852,ntp.ubuntu.com,1,10.10.0.20,10.10.0.1
2025-11-12T04:23:19.953166,ntp.ubuntu.com,1,10.10.0.20,10.10.0.1
2025-11-12T04:23:19.953460,ntp.ubuntu.com,28,10.10.0.20,10.10.0.1
2025-11-12T04:23:19.953755,ntp.ubuntu.com,1,10.10.0.20,10.10.0.1
2025-11-12T04:23:19.954061,ntp.ubuntu.com,28,10.10.0.20,10.10.0.1
2025-11-12T04:23:19.954480,ntp.ubuntu.com,1,10.10.0.20,10.10.0.1
2025-11-12T04:23:19.954798,ntp.ubuntu.com,1,10.10.0.1,10.10.0.20
2025-11-12T04:23:19.955101,ntp.ubuntu.com,1,10.10.0.20,10.10.0.1
2025-11-12T04:23:19.955393,ntp.ubuntu.com,1,10.10.0.20,10.10.0.1
2025-11-12T04:23:19.955689,ntp.ubuntu.com,1,10.10.0.20,10.10.0.1
2025-11-12T04:23:19.955986,ntp.ubuntu.com,1,10.10.0.20,10.10.0.1
2025-11-12T04:23:19.956378,ntp.ubuntu.com,1,10.10.0.20,10.10.0.1
2025-11-12T04:23:19.956672,ntp.ubuntu.com,1,10.10.0.20,10.10.0.1
2025-11-12T04:23:19.956971,ntp.ubuntu.com,1,10.10.0.20,10.10.0.1
2025-11-12T04:23:19.957274,ntp.ubuntu.com,1,10.10.0.1,10.10.0.20
2025-11-12T04:23:20.186158,www.wikipedia.org,65,10.10.0.20,10.10.0.1
2025-11-12T04:23:20.186518,www.wikipedia.org,65,10.10.0.20,10.10.0.1
2025-11-12T04:23:20.188287,www.wikipedia.org,65,10.10.0.1,10.10.0.20
2025-11-12T04:23:20.189137,www.wikipedia.org,65,10.10.0.1,10.10.0.20
2025-11-12T04:23:20.190833,www.wikipedia.org,65,10.10.0.20,10.10.0.1
2025-11-12T04:23:20.191311,www.wikipedia.org,65,10.10.0.20,10.10.0.1
2025-11-12T04:23:20.191683,www.wikipedia.org,65,10.10.0.1,10.10.0.20
2025-11-12T04:23:20.192015,www.wikipedia.org,65,10.10.0.1,10.10.0.20
2025-11-12T04:23:20.192750,www.wikipedia.org,1,10.10.0.20,10.10.0.1
2025-11-12T04:23:20.193122,www.wikipedia.org,28,10.10.0.20,10.10.0.1
2025-11-12T04:23:20.193440,www.wikipedia.org,1,10.10.0.20,10.10.0.1
2025-11-12T04:23:20.193880,www.wikipedia.org,28,10.10.0.20,10.10.0.1
2025-11-12T04:23:20.195809,www.wikipedia.org,1,10.10.0.1,10.10.0.20
2025-11-12T04:23:20.196322,www.wikipedia.org,28,10.10.0.1,10.10.0.20
2025-11-12T04:23:20.197071,www.wikipedia.org,1,10.10.0.1,10.10.0.20
2025-11-12T04:23:20.197525,www.wikipedia.org,28,10.10.0.1,10.10.0.20
2025-11-12T04:23:20.197926,www.wikipedia.org,1,10.10.0.20,10.10.0.1
2025-11-12T04:23:20.198475,www.wikipedia.org,1,10.10.0.20,10.10.0.1
2025-11-12T04:23:20.199040,www.wikipedia.org,28,10.10.0.20,10.10.0.1
2025-11-12T04:23:20.199664,www.wikipedia.org,28,10.10.0.20,10.10.0.1
2025-11-12T04:23:20.200756,www.wikipedia.org,1,10.10.0.1,10.10.0.20
2025-11-12T04:23:20.201320,www.wikipedia.org,1,10.10.0.1,10.10.0.20
2025-11-12T04:23:20.201773,www.wikipedia.org,28,10.10.0.1,10.10.0.20
2025-11-12T04:23:20.202115,www.wikipedia.org,28,10.10.0.1,10.10.0.20
2025-11-12T04:23:20.202477,www.wikipedia.org,1,10.10.0.20,10.10.0.1
2025-11-12T04:23:20.202843,www.wikipedia.org,28,10.10.0.20,10.10.0.1
2025-11-12T04:23:20.203191,www.wikipedia.org,1,10.10.0.20,10.10.0.1
2025-11-12T04:23:20.203602,www.wikipedia.org,28,10.10.0.20,10.10.0.1
2025-11-12T04:23:20.203975,www.wikipedia.org,1,10.10.0.1,10.10.0.20
2025-11-12T04:23:20.204307,www.wikipedia.org,28,10.10.0.1,10.10.0.20
2025-11-12T04:23:20.204625,www.wikipedia.org,1,10.10.0.1,10.10.0.20
2025-11-12T04:23:20.204937,www.wikipedia.org,28,10.10.0.1,10.10.0.20
2025-11-12T04:23:20.205245,www.wikipedia.org,1,10.10.0.20,10.10.0.1
2025-11-12T04:23:20.205608,www.wikipedia.org,1,10.10.0.20,10.10.0.1
2025-11-12T04:23:20.205937,www.wikipedia.org,28,10.10.0.20,10.10.0.1
2025-11-12T04:23:20.206264,www.wikipedia.org,28,10.10.0.20,10.10.0.1
2025-11-12T04:23:20.206596,www.wikipedia.org,1,10.10.0.1,10.10.0.20
2025-11-12T04:23:20.206935,www.wikipedia.org,1,10.10.0.1,10.10.0.20
2025-11-12T04:23:20.207339,www.wikipedia.org,28,10.10.0.1,10.10.0.20
2025-11-12T04:23:20.207689,www.wikipedia.org,28,10.10.0.1,10.10.0.20
2025-11-12T04:23:20.263933,www.wikipedia.org,1,10.10.0.20,10.10.0.1
2025-11-12T04:23:20.264490,www.wikipedia.org,1,10.10.0.20,10.10.0.1
2025-11-12T04:23:20.264819,www.wikipedia.org,28,10.10.0.20,10.10.0.1
2025-11-12T04:23:20.265371,www.wikipedia.org,28,10.10.0.20,10.10.0.1
2025-11-12T04:23:20.265872,www.wikipedia.org,1,10.10.0.1,10.10.0.20
2025-11-12T04:23:20.266324,www.wikipedia.org,1,10.10.0.1,10.10.0.20
2025-11-12T04:23:20.266666,www.wikipedia.org,28,10.10.0.1,10.10.0.20
2025-11-12T04:23:20.266977,www.wikipedia.org,28,10.10.0.1,10.10.0.20
2025-11-12T04:23:20.267269,www.wikipedia.org,1,10.10.0.20,10.10.0.1
2025-11-12T04:23:20.267738,www.wikipedia.org,1,10.10.0.20,10.10.0.1
2025-11-12T04:23:20.268287,www.wikipedia.org,28,10.10.0.20,10.10.0.1
2025-11-12T04:23:20.268593,www.wikipedia.org,28,10.10.0.20,10.10.0.1
2025-11-12T04:23:20.268887,www.wikipedia.org,1,10.10.0.1,10.10.0.20
2025-11-12T04:23:20.269181,www.wikipedia.org,28,10.10.0.1,10.10.0.20
2025-11-12T04:23:20.269468,www.wikipedia.org,1,10.10.0.1,10.10.0.20
2025-11-12T04:23:20.269754,www.wikipedia.org,28,10.10.0.1,10.10.0.20
2025-11-12T04:23:20.270040,www.wikipedia.org,1,10.10.0.20,10.10.0.1
2025-11-12T04:23:20.270323,www.wikipedia.org,1,10.10.0.20,10.10.0.1
2025-11-12T04:23:20.270616,www.wikipedia.org,28,10.10.0.20,10.10.0.1
2025-11-12T04:23:20.270898,www.wikipedia.org,28,10.10.0.20,10.10.0.1
2025-11-12T04:23:20.271193,www.wikipedia.org,1,10.10.0.1,10.10.0.20
2025-11-12T04:23:20.271484,www.wikipedia.org,1,10.10.0.1,10.10.0.20
2025-11-12T04:23:20.272003,www.wikipedia.org,28,10.10.0.1,10.10.0.20
